{
    "total_runtime": 152.4946870803833,
    "num_documents": 2,
    "input_load_time": 0,
    "workflows": {
        "create_base_text_units": {
            "overall": 0.4929814338684082,
            "0_orderby": 0.0069162845611572266,
            "1_zip": 0.006192207336425781,
            "2_aggregate_override": 0.007767438888549805,
            "3_chunk": 0.37465429306030273,
            "4_select": 0.00608372688293457,
            "5_unroll": 0.007917642593383789,
            "6_rename": 0.006995201110839844,
            "7_genid": 0.008013248443603516,
            "8_unzip": 0.008013248443603516,
            "9_copy": 0.009080171585083008,
            "10_filter": 0.04028463363647461
        },
        "create_base_extracted_entities": {
            "overall": 46.85701894760132,
            "0_entity_extract": 46.772615909576416,
            "1_merge_graphs": 0.07350659370422363
        },
        "create_summarized_entities": {
            "overall": 20.034535884857178,
            "0_summarize_descriptions": 20.017176866531372
        },
        "create_base_entity_graph": {
            "overall": 0.11311006546020508,
            "0_cluster_graph": 0.09318351745605469,
            "1_select": 0.007915973663330078
        },
        "create_final_entities": {
            "overall": 2.9880905151367188,
            "0_unpack_graph": 0.017981529235839844,
            "1_rename": 0.00791788101196289,
            "2_select": 0.008625268936157227,
            "3_dedupe": 0.008511543273925781,
            "4_rename": 0.008000373840332031,
            "5_filter": 0.020999908447265625,
            "6_text_split": 0.018031835556030273,
            "7_drop": 0.010048627853393555,
            "8_merge": 0.024953842163085938,
            "9_text_embed": 2.8134827613830566,
            "10_drop": 0.01150965690612793,
            "11_filter": 0.0280001163482666
        },
        "create_final_nodes": {
            "overall": 0.26348304748535156,
            "0_layout_graph": 0.06112051010131836,
            "1_unpack_graph": 0.027086257934570312,
            "2_unpack_graph": 0.02690410614013672,
            "3_filter": 0.031896114349365234,
            "4_drop": 0.01108860969543457,
            "5_select": 0.011966943740844727,
            "6_rename": 0.012944459915161133,
            "7_convert": 0.04083514213562012,
            "8_join": 0.016999483108520508,
            "9_rename": 0.012996435165405273
        },
        "create_final_communities": {
            "overall": 0.32547616958618164,
            "0_unpack_graph": 0.024086713790893555,
            "1_unpack_graph": 0.02305436134338379,
            "2_aggregate_override": 0.015561580657958984,
            "3_join": 0.019995689392089844,
            "4_join": 0.019910335540771484,
            "5_concat": 0.013999223709106445,
            "6_filter": 0.0453338623046875,
            "7_aggregate_override": 0.01800084114074707,
            "8_join": 0.018999814987182617,
            "9_filter": 0.04001021385192871,
            "10_fill": 0.016504287719726562,
            "11_merge": 0.017025470733642578,
            "12_copy": 0.02399444580078125,
            "13_select": 0.016999483108520508
        },
        "join_text_units_to_entity_ids": {
            "overall": 0.09066534042358398,
            "0_select": 0.03299880027770996,
            "1_unroll": 0.01800084114074707,
            "2_aggregate_override": 0.020000934600830078
        },
        "create_final_relationships": {
            "overall": 0.2850959300994873,
            "0_unpack_graph": 0.04329395294189453,
            "1_filter": 0.05869746208190918,
            "2_rename": 0.018016576766967773,
            "3_filter": 0.04098224639892578,
            "4_drop": 0.01858997344970703,
            "5_compute_edge_combined_degree": 0.021353483200073242,
            "6_convert": 0.04610300064086914,
            "7_convert": 0.02006816864013672
        },
        "join_text_units_to_relationship_ids": {
            "overall": 0.10629844665527344,
            "0_select": 0.02008795738220215,
            "1_unroll": 0.019997358322143555,
            "2_aggregate_override": 0.023005962371826172,
            "3_select": 0.020523786544799805
        },
        "create_final_community_reports": {
            "overall": 76.88233208656311,
            "0_prepare_community_reports_nodes": 0.02301478385925293,
            "1_prepare_community_reports_edges": 0.024771928787231445,
            "2_restore_community_hierarchy": 0.025005340576171875,
            "3_prepare_community_reports": 0.07873225212097168,
            "4_create_community_reports": 76.67599606513977,
            "5_window": 0.03181290626525879
        },
        "create_final_text_units": {
            "overall": 0.2003028392791748,
            "0_select": 0.023684024810791016,
            "1_rename": 0.021839380264282227,
            "2_join": 0.02800774574279785,
            "3_join": 0.05368685722351074,
            "4_aggregate_override": 0.026005268096923828,
            "5_select": 0.022989988327026367
        },
        "create_base_documents": {
            "overall": 0.3136258125305176,
            "0_unroll": 0.0329899787902832,
            "1_select": 0.031667470932006836,
            "2_rename": 0.024068832397460938,
            "3_join": 0.029016494750976562,
            "4_aggregate_override": 0.027015209197998047,
            "5_join": 0.03066730499267578,
            "6_rename": 0.028004169464111328,
            "7_convert": 0.08458995819091797
        },
        "create_final_documents": {
            "overall": 0.06877565383911133,
            "0_rename": 0.036547183990478516
        }
    }
}